run,model,group,seed,params,state_size,steps,train_time_s,peak_mem_mb,acc_main,seq_acc_main,acc_len256,seq_acc_len256,acc_len512,seq_acc_len512
attention__Z2,attention,Z2,0,328576,,4000,81.8,249.4,0.7727,0.0,0.5677,0.0,0.5341,0.0
attention__Z2,attention,Z2,1,328576,,4000,85.2,249.4,0.8191,0.001,0.5793,0.0,0.5396,0.0
attention__Z2,attention,Z2,2,328576,,4000,82.0,249.4,0.7942,0.0,0.575,0.0,0.5376,0.0
attention__Z3,attention,Z3,0,328704,,4000,84.2,249.5,0.9881,0.7139,0.509,0.0,0.4217,0.0
attention__Z3,attention,Z3,1,328704,,4000,80.6,249.5,0.9933,0.7715,0.5139,0.0,0.4242,0.0
attention__Z3,attention,Z3,2,328704,,4000,79.7,249.5,0.9924,0.752,0.5116,0.0,0.4215,0.0
attention__S3,attention,S3,0,329088,,4000,80.0,249.9,0.3447,0.0,0.2133,0.0,0.1892,0.0
attention__S3,attention,S3,1,329088,,4000,81.1,249.9,0.3201,0.0,0.2045,0.0,0.1858,0.0
attention__S3,attention,S3,2,329088,,4000,79.3,249.9,0.3456,0.0,0.2124,0.0,0.1901,0.0
ssm__Z2,ssm,Z2,0,407792,8192,4000,154.9,958.5,0.8285,0.0039,0.5813,0.0,0.5424,0.0
ssm__Z2,ssm,Z2,1,407792,8192,4000,153.6,958.5,0.8769,0.0342,0.5966,0.0,0.5466,0.0
ssm__Z2,ssm,Z2,2,407792,8192,4000,161.9,958.5,0.8966,0.042,0.598,0.0,0.5494,0.0
ssm__Z3,ssm,Z3,0,407920,8192,4000,167.7,958.7,0.6734,0.0,0.4177,0.0,0.3759,0.0
ssm__Z3,ssm,Z3,1,407920,8192,4000,158.8,958.7,0.6579,0.0,0.4133,0.0,0.374,0.0
ssm__Z3,ssm,Z3,2,407920,8192,4000,155.3,958.7,0.9864,0.8242,0.5976,0.0,0.4641,0.0
ssm__S3,ssm,S3,0,408304,8192,4000,159.1,959.1,0.3835,0.0,0.2214,0.0,0.1946,0.0
ssm__S3,ssm,S3,1,408304,8192,4000,154.1,959.1,0.2943,0.0,0.1994,0.0,0.1828,0.0
ssm__S3,ssm,S3,2,408304,8192,4000,156.4,959.1,0.4378,0.0,0.2348,0.0,0.201,0.0
ssm_neg__Z2,ssm_neg,Z2,0,407792,8192,4000,155.6,958.5,1.0,1.0,1.0,1.0,0.998,0.9014
ssm_neg__Z2,ssm_neg,Z2,1,407792,8192,4000,159.9,958.5,1.0,1.0,1.0,1.0,1.0,1.0
ssm_neg__Z2,ssm_neg,Z2,2,407792,8192,4000,159.5,958.5,1.0,1.0,1.0,1.0,1.0,1.0
ssm_neg__Z3,ssm_neg,Z3,0,407920,8192,4000,154.6,958.7,0.5173,0.0,0.3806,0.0,0.3557,0.0
ssm_neg__Z3,ssm_neg,Z3,1,407920,8192,4000,157.3,958.7,0.6432,0.0,0.4088,0.0,0.3719,0.0
ssm_neg__Z3,ssm_neg,Z3,2,407920,8192,4000,158.9,958.7,0.6824,0.0,0.4211,0.0,0.3769,0.0
ssm_neg__S3,ssm_neg,S3,0,408304,8192,4000,155.5,959.1,0.418,0.0,0.2929,0.0,0.2304,0.0
ssm_neg__S3,ssm_neg,S3,1,408304,8192,4000,153.3,959.1,0.4807,0.0,0.3645,0.0,0.2918,0.0
ssm_neg__S3,ssm_neg,S3,2,408304,8192,4000,161.0,959.1,0.5249,0.0,0.3163,0.0,0.2404,0.0
deltanet__Z2,deltanet,Z2,0,367328,8192,4000,206.6,644.9,0.9984,0.9707,0.6821,0.0,0.5896,0.0
deltanet__Z2,deltanet,Z2,1,367328,8192,4000,220.0,644.9,0.9946,0.9102,0.661,0.0,0.5813,0.0
deltanet__Z2,deltanet,Z2,2,367328,8192,4000,220.8,644.9,0.9982,0.96,0.6731,0.0,0.5862,0.0
deltanet__Z3,deltanet,Z3,0,367456,8192,4000,211.6,645.0,0.9983,0.9785,0.656,0.0,0.4913,0.0
deltanet__Z3,deltanet,Z3,1,367456,8192,4000,223.9,645.0,0.9952,0.9482,0.6137,0.0,0.472,0.0
deltanet__Z3,deltanet,Z3,2,367456,8192,4000,200.2,645.0,0.9952,0.9502,0.6175,0.0,0.4733,0.0
deltanet__S3,deltanet,S3,0,367840,8192,4000,207.5,645.4,0.4505,0.0,0.2489,0.0,0.2078,0.0
deltanet__S3,deltanet,S3,1,367840,8192,4000,228.4,645.4,0.4483,0.0,0.2492,0.0,0.2087,0.0
deltanet__S3,deltanet,S3,2,367840,8192,4000,212.8,645.4,0.4501,0.0,0.2518,0.0,0.2098,0.0
deltanet_neg__Z2,deltanet_neg,Z2,0,367328,8192,4000,211.6,644.9,1.0,1.0,0.9998,0.9912,0.9906,0.748
deltanet_neg__Z2,deltanet_neg,Z2,1,367328,8192,4000,205.3,644.9,1.0,1.0,0.9998,0.9912,0.9902,0.6582
deltanet_neg__Z2,deltanet_neg,Z2,2,367328,8192,4000,203.3,644.9,1.0,1.0,0.9998,0.9854,0.98,0.7314
deltanet_neg__Z3,deltanet_neg,Z3,0,367456,8192,4000,212.1,645.0,0.9972,0.9688,0.6399,0.0,0.4864,0.0
deltanet_neg__Z3,deltanet_neg,Z3,1,367456,8192,4000,213.8,645.0,0.9964,0.9658,0.6055,0.0,0.467,0.0
deltanet_neg__Z3,deltanet_neg,Z3,2,367456,8192,4000,207.8,645.0,0.9949,0.9482,0.5924,0.0,0.4617,0.0
deltanet_neg__S3,deltanet_neg,S3,0,367840,8192,4000,202.1,645.4,0.999,0.9756,0.785,0.0078,0.5093,0.0
deltanet_neg__S3,deltanet_neg,S3,1,367840,8192,4000,215.4,645.4,1.0,1.0,0.9739,0.4492,0.8319,0.0059
deltanet_neg__S3,deltanet_neg,S3,2,367840,8192,4000,207.1,645.4,0.4457,0.0,0.3526,0.0,0.2844,0.0
ssm_rot__Z2,ssm_rot,Z2,0,409840,8192,4000,202.9,970.6,1.0,1.0,0.9834,0.3477,0.8002,0.0
ssm_rot__Z2,ssm_rot,Z2,1,409840,8192,4000,189.2,970.6,0.8107,0.0,0.5796,0.0,0.538,0.0
ssm_rot__Z2,ssm_rot,Z2,2,409840,8192,4000,202.5,970.6,0.8693,0.0225,0.5928,0.0,0.5472,0.0
ssm_rot__Z3,ssm_rot,Z3,0,409968,8192,4000,198.3,970.7,0.9664,0.7393,0.528,0.0,0.4299,0.0
ssm_rot__Z3,ssm_rot,Z3,1,409968,8192,4000,200.4,970.7,0.9683,0.71,0.5274,0.0,0.4321,0.0
ssm_rot__Z3,ssm_rot,Z3,2,409968,8192,4000,192.2,970.7,1.0,0.999,0.6397,0.0,0.4857,0.0
ssm_rot__S3,ssm_rot,S3,0,410352,8192,4000,183.4,971.1,0.3672,0.0,0.2172,0.0,0.1915,0.0
ssm_rot__S3,ssm_rot,S3,1,410352,8192,4000,182.4,971.1,0.4109,0.0,0.2634,0.0,0.1535,0.0
ssm_rot__S3,ssm_rot,S3,2,410352,8192,4000,183.6,971.1,0.4038,0.0,0.2248,0.0,0.1973,0.0
deltaproduct2__Z2,deltaproduct2,Z2,0,436456,8192,4000,285.3,1354.1,0.9989,0.9766,0.687,0.0,0.5917,0.0
deltaproduct2__Z2,deltaproduct2,Z2,1,436456,8192,4000,277.4,1354.1,0.9991,0.9805,0.688,0.0,0.5955,0.0
deltaproduct2__Z2,deltaproduct2,Z2,2,436456,8192,4000,276.8,1354.1,0.9988,0.9805,0.6845,0.0,0.5925,0.0
deltaproduct2__Z3,deltaproduct2,Z3,0,436584,8192,4000,274.4,1354.2,0.9988,0.9717,0.7257,0.0,0.5223,0.0
deltaproduct2__Z3,deltaproduct2,Z3,1,436584,8192,4000,268.1,1354.2,0.9985,0.9824,0.6562,0.0,0.4977,0.0
deltaproduct2__Z3,deltaproduct2,Z3,2,436584,8192,4000,264.8,1354.2,0.998,0.9834,0.7225,0.0,0.5274,0.0
deltaproduct2__S3,deltaproduct2,S3,0,436968,8192,4000,261.1,1354.6,0.5294,0.0,0.2589,0.0,0.2111,0.0
deltaproduct2__S3,deltaproduct2,S3,1,436968,8192,4000,261.1,1354.6,0.5348,0.0,0.271,0.0,0.2183,0.0
deltaproduct2__S3,deltaproduct2,S3,2,436968,8192,4000,260.9,1354.6,0.4147,0.0,0.2276,0.0,0.1969,0.0
deltaproduct2_neg__Z2,deltaproduct2_neg,Z2,0,436456,8192,4000,262.7,1354.1,1.0,1.0,0.9997,0.9795,0.969,0.3213
deltaproduct2_neg__Z2,deltaproduct2_neg,Z2,1,436456,8192,4000,265.1,1354.1,1.0,1.0,0.9985,0.957,0.9725,0.3955
deltaproduct2_neg__Z2,deltaproduct2_neg,Z2,2,436456,8192,4000,256.8,1354.1,1.0,1.0,0.9943,0.8418,0.9105,0.1182
deltaproduct2_neg__Z3,deltaproduct2_neg,Z3,0,436584,8192,4000,262.3,1354.2,0.998,0.9707,0.7108,0.0,0.5192,0.0
deltaproduct2_neg__Z3,deltaproduct2_neg,Z3,1,436584,8192,4000,265.4,1354.2,0.9986,0.9814,0.655,0.0,0.4987,0.0
deltaproduct2_neg__Z3,deltaproduct2_neg,Z3,2,436584,8192,4000,263.0,1354.2,0.998,0.9824,0.7057,0.0,0.5164,0.0
deltaproduct2_neg__S3,deltaproduct2_neg,S3,0,436968,8192,4000,261.8,1354.6,1.0,1.0,0.9927,0.8105,0.8986,0.1201
deltaproduct2_neg__S3,deltaproduct2_neg,S3,1,436968,8192,4000,260.7,1354.6,1.0,1.0,0.9938,0.7715,0.906,0.0479
deltaproduct2_neg__S3,deltaproduct2_neg,S3,2,436968,8192,4000,260.0,1354.6,1.0,1.0,0.9946,0.7764,0.9309,0.0879
