mixer,seq_len,fwd_ms,fwd_mem_mb,fwd_bwd_ms,fwd_bwd_mem_mb
attention,256,1.1046860003261827,13.25,4.737212701002136,24.908203125
attention,512,1.4046930009499192,26.375,4.288874600024428,32.689453125
attention,1024,1.3603038009023294,35.625,4.612171300686896,47.751953125
attention,2048,1.2696267003775574,54.25,5.4281210992485285,79.001953125
attention,4096,3.154597998945974,90.25,9.853874699911103,139.751953125
attention,8192,9.423530200729147,165.25,31.79290480038617,264.251953125
attention,16384,31.206009100424126,309.25,108.30844040028751,507.251953125
ssm,256,5.351600400172174,45.09521484375,16.351813900109846,61.34716796875
ssm,512,5.19943190010963,73.4052734375,17.550224899605382,100.83154296875
ssm,1024,6.22488070075633,126.7333984375,20.969854900613427,183.48974609375
ssm,2048,7.400197499373462,234.783203125,29.69204400142189,348.30615234375
ssm,4096,14.069368099444546,450.662109375,86.06407939951168,677.68896484375
ssm,8192,28.27279909979552,882.919921875,273.24868669966236,1336.95458984375
ssm,16384,56.339193900930695,1748.685546875,948.385561798932,2656.73583984375
deltanet,256,14.544126299733762,33.470703125,48.304594100045506,50.5224609375
deltanet,512,20.1212279003812,51.671875,69.31919519993244,84.2431640625
deltanet,1024,35.181560199998785,80.796875,139.15618669998366,147.5458984375
deltanet,2048,64.43809839984169,142.796875,229.40657670114888,278.0537109375
deltanet,4096,106.27532810030971,267.296875,357.0241997993435,539.5693359375
deltanet,8192,135.80406359978952,516.296875,711.5396555993357,1062.6005859375
deltanet,16384,276.22414069919614,1014.296875,2517.333518699161,2108.6630859375
