backend,seq_len,ms,peak_mem_mb,achieved_GBps
chunked,256,3.3227720006834716,39.97314453125,
triton,256,3.9732964010909204,21.53125,1.195823195746346
recurrent,256,116.5145550010493,23.53125,
chunked,512,6.4207023999188095,62.6923828125,
triton,512,9.916517799138092,25.8125,0.9582718644266379
recurrent,512,226.90719260135666,29.8125,
chunked,1024,14.071946198237129,108.630859375,
triton,1024,13.796712999464944,34.875,1.3775339097607566
recurrent,1024,420.12298780027777,42.875,
chunked,2048,30.327816397766583,200.7578125,
triton,2048,4.9463767994893715,53.25,7.684590467091785
recurrent,2048,701.8336723995162,69.25,
chunked,4096,12.56886699993629,384.26171875,
triton,4096,8.692829799838364,89.25,8.745340901695046
chunked,8192,24.927222399855964,751.76953125,
triton,8192,16.67505980003625,161.75,9.118019474788897
chunked,16384,43.5806147987023,1487.03515625,
triton,16384,32.71822600218002,307.0,9.294117596098843
