run,model,kv,width,lr,seed,params,state_size,steps,train_time_s,peak_mem_mb,acc_main,seq_acc_main
attention__kv8__d128__lr1e-3,attention,kv8,d128,lr1e-3,0,655744,,4000,192.0,1994.6,0.1238,0.0
attention__kv8__d128__lr3e-3,attention,kv8,d128,lr3e-3,0,655744,,4000,189.9,1994.6,0.3014,0.0
attention__kv16__d128__lr1e-3,attention,kv16,d128,lr1e-3,0,655744,,4000,189.5,1994.6,0.0584,0.0
attention__kv16__d128__lr3e-3,attention,kv16,d128,lr3e-3,0,655744,,4000,189.5,1994.6,0.1891,0.0
attention__kv32__d128__lr1e-3,attention,kv32,d128,lr1e-3,0,655744,,4000,189.5,1994.6,0.0277,0.0
attention__kv32__d128__lr3e-3,attention,kv32,d128,lr3e-3,0,655744,,4000,189.4,1994.6,0.0994,0.0
attention__kv64__d128__lr1e-3,attention,kv64,d128,lr1e-3,0,655744,,4000,188.4,1994.6,0.0164,0.0
attention__kv64__d128__lr3e-3,attention,kv64,d128,lr3e-3,0,655744,,4000,187.8,1994.6,0.0024,0.0
ssm__kv8__d128__lr1e-3,ssm,kv8,d128,lr1e-3,0,734960,8192,4000,465.3,2830.5,0.197,0.0
ssm__kv8__d128__lr3e-3,ssm,kv8,d128,lr3e-3,0,734960,8192,4000,465.8,2830.5,0.2791,0.0
ssm__kv16__d128__lr1e-3,ssm,kv16,d128,lr1e-3,0,734960,8192,4000,466.7,2830.5,0.035,0.0
ssm__kv16__d128__lr3e-3,ssm,kv16,d128,lr3e-3,0,734960,8192,4000,465.7,2830.5,0.1357,0.0
ssm__kv32__d128__lr1e-3,ssm,kv32,d128,lr1e-3,0,734960,8192,4000,467.5,2830.5,0.0084,0.0
ssm__kv32__d128__lr3e-3,ssm,kv32,d128,lr3e-3,0,734960,8192,4000,470.9,2830.5,0.017,0.0
ssm__kv64__d128__lr1e-3,ssm,kv64,d128,lr1e-3,0,734960,8192,4000,468.8,2830.5,0.0012,0.0
ssm__kv64__d128__lr3e-3,ssm,kv64,d128,lr3e-3,0,734960,8192,4000,478.0,2830.5,0.0101,0.0
ssm_N64__kv8__d128__lr1e-3,ssm_N64,kv8,d128,lr1e-3,0,760496,32768,4000,523.4,2969.6,0.4136,0.0
ssm_N64__kv8__d128__lr3e-3,ssm_N64,kv8,d128,lr3e-3,0,760496,32768,4000,522.5,2969.6,0.3143,0.0
ssm_N64__kv16__d128__lr1e-3,ssm_N64,kv16,d128,lr1e-3,0,760496,32768,4000,516.7,2969.6,0.3605,0.0
ssm_N64__kv16__d128__lr3e-3,ssm_N64,kv16,d128,lr3e-3,0,760496,32768,4000,515.9,2969.6,0.9924,0.8916
ssm_N64__kv32__d128__lr1e-3,ssm_N64,kv32,d128,lr1e-3,0,760496,32768,4000,515.8,2969.6,0.0338,0.0
ssm_N64__kv32__d128__lr3e-3,ssm_N64,kv32,d128,lr3e-3,0,760496,32768,4000,516.0,2969.6,0.979,0.5537
ssm_N64__kv64__d128__lr1e-3,ssm_N64,kv64,d128,lr1e-3,0,760496,32768,4000,516.2,2969.6,0.0079,0.0
ssm_N64__kv64__d128__lr3e-3,ssm_N64,kv64,d128,lr3e-3,0,760496,32768,4000,516.2,2969.6,0.0032,0.0
deltanet__kv8__d128__lr1e-3,deltanet,kv8,d128,lr1e-3,0,693520,16384,4000,649.4,2716.6,0.975,0.8125
deltanet__kv8__d128__lr3e-3,deltanet,kv8,d128,lr3e-3,0,693520,16384,4000,645.3,2716.6,0.9032,0.457
deltanet__kv16__d128__lr1e-3,deltanet,kv16,d128,lr1e-3,0,693520,16384,4000,640.5,2716.6,0.163,0.0
deltanet__kv16__d128__lr3e-3,deltanet,kv16,d128,lr3e-3,0,693520,16384,3000,480.2,2716.6,0.9966,0.9463
deltanet__kv32__d128__lr1e-3,deltanet,kv32,d128,lr1e-3,0,693520,16384,4000,640.6,2716.6,0.0558,0.0
deltanet__kv32__d128__lr3e-3,deltanet,kv32,d128,lr3e-3,0,693520,16384,4000,640.1,2716.6,0.0412,0.0
deltanet__kv64__d128__lr1e-3,deltanet,kv64,d128,lr1e-3,0,693520,16384,4000,642.0,2716.6,0.0262,0.0
deltanet__kv64__d128__lr3e-3,deltanet,kv64,d128,lr3e-3,0,693520,16384,4000,641.0,2716.6,0.0015,0.0
hybrid_MA__kv8__d128__lr1e-3,hybrid_MA,kv8,d128,lr1e-3,0,695352,,4000,335.2,2412.6,0.9292,0.5391
hybrid_MA__kv8__d128__lr3e-3,hybrid_MA,kv8,d128,lr3e-3,0,695352,,4000,329.3,2412.6,0.9274,0.5596
hybrid_MA__kv16__d128__lr1e-3,hybrid_MA,kv16,d128,lr1e-3,0,695352,,4000,329.1,2412.6,0.8588,0.084
hybrid_MA__kv16__d128__lr3e-3,hybrid_MA,kv16,d128,lr3e-3,0,695352,,4000,331.4,2412.6,0.3207,0.0
hybrid_MA__kv32__d128__lr1e-3,hybrid_MA,kv32,d128,lr1e-3,0,695352,,4000,332.5,2412.6,0.0049,0.0
hybrid_MA__kv32__d128__lr3e-3,hybrid_MA,kv32,d128,lr3e-3,0,695352,,4000,333.1,2412.6,0.0039,0.0
hybrid_MA__kv64__d128__lr1e-3,hybrid_MA,kv64,d128,lr1e-3,0,695352,,4000,335.4,2412.6,0.0021,0.0
hybrid_MA__kv64__d128__lr3e-3,hybrid_MA,kv64,d128,lr3e-3,0,695352,,4000,333.6,2412.6,0.001,0.0
