run,train_len,seed,params,state_size,steps,train_time_s,peak_mem_mb,acc_main,seq_acc_main,acc_len64,seq_acc_len64,acc_len256,seq_acc_len256,acc_len512,seq_acc_len512
T16,T16,0,409968,8192,4000,193.9,970.8,0.9996,0.9941,0.544,0.0,0.3867,0.0,0.3607,0.0
T16,T16,1,409968,8192,4000,181.4,970.8,0.9999,0.999,0.5419,0.0,0.3857,0.0,0.3579,0.0
T16,T16,2,409968,8192,4000,175.3,970.8,1.0,1.0,0.9402,0.0801,0.5239,0.0,0.4274,0.0
T32,T32,0,409968,8192,4000,179.5,970.8,0.9839,0.7627,0.7016,0.0,0.4263,0.0,0.3803,0.0
T32,T32,1,409968,8192,4000,184.1,970.8,1.0,1.0,1.0,1.0,0.6453,0.0,0.4879,0.0
T32,T32,2,409968,8192,4000,184.2,970.8,1.0,1.0,0.9297,0.1055,0.4816,0.0,0.4064,0.0
T64,T64,0,409968,8192,4000,182.3,970.9,0.6328,0.0,0.6336,0.0,0.4081,0.0,0.3703,0.0
T64,T64,1,409968,8192,4000,182.1,970.9,0.9782,0.8203,0.9771,0.8105,0.5664,0.0,0.45,0.0
T64,T64,2,409968,8192,4000,188.0,970.9,0.547,0.0,0.5467,0.0,0.3854,0.0,0.3603,0.0
